{
  "金融服务": {
    "平均营业收入": 11343296.065000001,
    "平均净利润": 1766028.565,
    "平均资产负债率": 0.831025,
    "平均净利润率": 0.15647499999999998,
    "平均总资产周转率": 0.308625,
    "平均市盈率": 8.088750000000001,
    "平均员工人数": 13.75,
    "平均研发投入占比": 0.0312375,
    "平均市场份额": 0.39063749999999997,
    "公司数量": 8
  },
  "食品饮料": {
    "平均营业收入": 5669716.305000001,
    "平均净利润": 392712.3375,
    "平均资产负债率": 0.482275,
    "平均净利润率": 0.069275,
    "平均总资产周转率": 1.220625,
    "平均市盈率": 20.42,
    "平均员工人数": 37.5,
    "平均研发投入占比": 0.02065,
    "平均市场份额": 0.138975,
    "公司数量": 4
  },
  "新能源": {
    "平均营业收入": 13149446.859000001,
    "平均净利润": 1628078.014,
    "平均资产负债率": 0.512025,
    "平均净利润率": 0.12273,
    "平均总资产周转率": 0.511185,
    "平均市盈率": 41.354000000000006,
    "平均员工人数": 32.4,
    "平均研发投入占比": 0.07883,
    "平均市场份额": 0.289005,
    "公司数量": 20
  },
  "零售": {
    "平均营业收入": 6666170.4975000005,
    "平均净利润": 284843.22250000003,
    "平均资产负债率": 0.509,
    "平均净利润率": 0.042675,
    "平均总资产周转率": 2.0364750000000003,
    "平均市盈率": 16.455,
    "平均员工人数": 66.5,
    "平均研发投入占比": 0.0098,
    "平均市场份额": 0.28059999999999996,
    "公司数量": 4
  },
  "能源": {
    "平均营业收入": 9893836.055,
    "平均净利润": 767515.215,
    "平均资产负债率": 0.727425,
    "平均净利润率": 0.0778,
    "平均总资产周转率": 0.31677500000000003,
    "平均市盈率": 9.977500000000001,
    "平均员工人数": 32.75,
    "平均研发投入占比": 0.019000000000000003,
    "平均市场份额": 0.1767,
    "公司数量": 4
  },
  "房地产": {
    "平均营业收入": 7168764.555,
    "平均净利润": 743105.4775,
    "平均资产负债率": 0.7738499999999999,
    "平均净利润率": 0.10425000000000001,
    "平均总资产周转率": 0.189525,
    "平均市盈率": 6.695,
    "平均员工人数": 35.5,
    "平均研发投入占比": 0.0097,
    "平均市场份额": 0.287175,
    "公司数量": 4
  },
  "制造业": {
    "平均营业收入": 4404223.615833334,
    "平均净利润": 272832.74083333334,
    "平均资产负债率": 0.6023666666666667,
    "平均净利润率": 0.06235833333333333,
    "平均总资产周转率": 0.7768250000000001,
    "平均市盈率": 10.300000000000002,
    "平均员工人数": 21.666666666666668,
    "平均研发投入占比": 0.03831666666666667,
    "平均市场份额": 0.25539999999999996,
    "公司数量": 12
  },
  "汽车": {
    "平均营业收入": 7354395.985625001,
    "平均净利润": 590115.6656249999,
    "平均资产负债率": 0.55555625,
    "平均净利润率": 0.07998749999999999,
    "平均总资产周转率": 0.69658125,
    "平均市盈率": 12.02875,
    "平均员工人数": 28.875,
    "平均研发投入占比": 0.046706250000000005,
    "平均市场份额": 0.25461875,
    "公司数量": 16
  },
  "互联网": {
    "平均营业收入": 11873243.42625,
    "平均净利润": 2954303.4754999997,
    "平均资产负债率": 0.346685,
    "平均净利润率": 0.24637000000000003,
    "平均总资产周转率": 1.8405,
    "平均市盈率": 30.771749999999997,
    "平均员工人数": 7.4,
    "平均研发投入占比": 0.09900499999999998,
    "平均市场份额": 0.288465,
    "公司数量": 40
  },
  "电子设备": {
    "平均营业收入": 6426678.041428571,
    "平均净利润": 627902.2464285714,
    "平均资产负债率": 0.4080821428571429,
    "平均净利润率": 0.09807857142857145,
    "平均总资产周转率": 0.9560500000000001,
    "平均市盈率": 15.20892857142857,
    "平均员工人数": 20.928571428571427,
    "平均研发投入占比": 0.05928928571428571,
    "平均市场份额": 0.30739999999999995,
    "公司数量": 28
  },
  "半导体": {
    "平均营业收入": 9753091.201875001,
    "平均净利润": 1751392.348125,
    "平均资产负债率": 0.349625,
    "平均净利润率": 0.18109375,
    "平均总资产周转率": 0.3615125,
    "平均市盈率": 32.551874999999995,
    "平均员工人数": 9.375,
    "平均研发投入占比": 0.15023750000000002,
    "平均市场份额": 0.3005625,
    "公司数量": 16
  },
  "软件": {
    "平均营业收入": 4022333.5525,
    "平均净利润": 788455.5075000001,
    "平均资产负债率": 0.30210000000000004,
    "平均净利润率": 0.19485,
    "平均总资产周转率": 1.536025,
    "平均市盈率": 23.657500000000002,
    "平均员工人数": 1.5,
    "平均研发投入占比": 0.12079999999999999,
    "平均市场份额": 0.28125,
    "公司数量": 4
  }
}